DATE,VOTE,INFO
2025-05-30,5,"🎧 젠하이저 헤드셋, 기대 이상이고 만족스럽습니다!

헤드셋 구입을 꽤 오래 고민했는데, 이번 5월 연휴에 젠하이저 제품을 좋은 가격에 발견하고 구입을 결심하게 됐습니다. 솔직히 처음엔 '디자인만 예쁜 거 아닐까?' 싶어 반신반의했는데, 약 한 달간 사용해본 지금은 오히려 더 일찍 살 걸 그랬다는 생각이 듭니다.

우선 색상이 정말 세련되고 고급스럽습니다. 외출할 때 착용하면 스타일 포인트로도 손색이 없고요. 전용앱으로 EQ 설정을 조절할 수 있는데, 제 귀에 맞게 튜닝하니까 음악이 정말 선명하게 들려서 감동이었습니다. 어떤 장르든 깔끔하게 표현해줘서 음악 듣는 재미가 있습니다😊

노이즈캔슬링도 너무 강하지 않아서, 오히려 더 안전하게 느껴졌습니다. 헤드셋을 착용하고 음악을 들으면 마치 나만의 포근한 세계에 들어간 기분입니다.

주변에서 '젠하이저 써보면 좋다'고 칭찬했었는데, 이제는 제가 그 얘기를 하고 있네요. 정말 만족스럽고 추천하고 싶은 제품입니다👍"
2025-04-26,5,"음질 - 이퀄설정이랑 노캔 설정 할 수 있어서 베이스 음 듣는거 좋아해서 조절해서 쓰는데 넘 좋아요 노캔도 별로라고 하는데 장력 ? 이 있어서 밖에서 차소리 잘 안들리고 굳굳

쉐입 - 생각보다 크지 않더라구요 🫶 제 얼굴형에 잘 맞았어요 저 툭 튀어나온부분 사진으로 볼 때는 신경쓰였는데 막상 쓰니까 무광에 모양도 좋아요👍

이 가격대라면 솔직히 비교군 없을 정도로 추천하고 싶어요 ❤️"
2025-05-16,5,예전에  젠하이저 유선이어폰을 쓴적이 있는데  그 때 기억이 좋아서 믿고 구매했습니다. 제가 막귀라  특별히 까다롭진 않으나  좋은소리 안좋은 소리 정도는 구분이 가능해  제 입장에서는  전혀 손색이 없네요.  다만  딸아이가 너무 좋해서  곧  제손을  떠날듯 싶습니다 그땐 그 핑계삼아  모맨텀을 한번 써보고 싶네요
2025-05-30,5,"배송 빠르고, 페어링도 쉽게 잘 되네요. 아이가 맘에 들어합니다. 착용한 모습이 예쁘네요."
2025-02-13,5,"초4 딸의 3번째 헤드폰
이어폰이 귀에 안좋을 것 같아 사준 jbl 헤드폰
어릴때는 잘쓰더니 어느순간 스티커를 붙이고
색상을 가렸다 그리곤 얼마 안가 안쓰기 시작
단지 음악을 안듣거나 헤드폰에 관심이 줄어든다 생각
하지만 나중에 알게된 사실 딸 아이가 자란것 이였다
몸도 커졌지만 눈도 성숙해져 장난감 같은
jbl을 스티커로 가려보고 끝내는 포기했던걸 몰랐다


그러다 우연히 소니 wh 1000xm5 를 선물 받았고
40대인 내가 쓰기 어색해서 초 4 딸을주었다
주로 아이패드 인강용으로 사용했는데
노캔이 좋아 괜찮은듯 하였지만
어느날보니 다시 애기때 쓰던 jbl 헤드폰을 쓰고있어
왜? 좋은것이 있는데 애기때쓰던걸 노캔도 없는걸 쓰냐 물었더니 딸 아이는 2가지 문제점을 이야기했다

하나는 소니 1000xm5 가 초4 여아가 쓰긴 무거웠다고 했다 커서 흘러내림도 문제였지만 무거워 40분 인강에도 불편했다 하며 무게로 인해 밖에 가져다니기 부담스러웠다고 했다 성인에게는 상급모델로 명성이 자자한 소니헤드폰이지만 내 딸 초4의 입장에서는 무겁고 흘러내려 싸이즈 안 맞는 몇만원짜리 jbl 애기 헤드폰 만 못 한것이였다 내만족에 주고 쓰라 했던 1000xm5

또 하나의 문제점은 색상이라고 했다
하나는 너무 유치하고 소니 1000xm5 베이지는
초4 여아가 소화하긴 노블한 색상이였던것이다
싸도 좋다 노캔 아니여도 좋다
본인은 그냥 흰색이면 된다며 헤드폰을 원했다

겔럭시폰을 쓰는 딸아이 최고의 헤드폰 소니 1000xm5는 40대 아빠의 만족일뿐
딸아이는 한결같이 본인이 이쁜 헤드폰을 원한것임을 이제서 알게되었다

그렇게 어린줄만 알았던 딸아이가 본인의 취향과 한 사람으로써 인격이 형성되고 있음을 뒤늦게 알게되었으며 바로 소니 720n과 젠하이저 엑센텀을 리스트에 두었는데 이유는 2가지 초4 여아가 좋아할 디자인과 흰색 그리고 무게였다

1000xm5 250 그람정도 였는데 무게에 민감하였기에 가벼워야했으며 720n으로 거의 결정하려 했다 써봤던 소니 제품이기도 했지만 가벼운 무게 190 그람대의 무게 그리고 흰색 결정적인 초4  딸아이도 알아본 메이커 인지도 때문에 구매하기도 했지만 

소니 1000xm5 와 용도분리 아이패드 용 인강과
외부 사용 브랜드를 분리하고 싶어
살짝 젠하이저 엑센템을 보여주었더니
디자인을 너무 맘에 들어 했고 결정적인 가격도
단 몇만원이지만 저렴했다
아무리 초4 여아라 해라 남아 처럼 물건관리도 안되며
자주 잃어버리는편이라 잃어버릴 가능성도 염두 하여야했다 즉 1000xm5는 책상 인강 시즈모드
젠하이저 엑센텀은 침대나 야외용으로 말이다

디자인 가격 이외도 마음에 들었던것중 하나는
노캔성능으로 소니보다는 자연스런 외부 소리가 들린다는 나쁘게말함 강하지 않은 노캔 기능이
저학년 초4에게는 외부사용시 외부소리가 들려 더 안전하지 않을까란 차소리 같은 위험에서 좀 메리트있다 느꼈으며 소니 720n보다 30그람 정도 무겁지만
소니 1000xm5보다는 10프로 가볍다는 점에 위안을 삼았다 

처음 받아 내가 셋팅해줬고 터치가 아니라 직관적이며
소니 처럼 어플 아이디 만들지 않아도 되서 편했다
아이의 아이디인지 내 아이디인지 다 내가 기억해야해
여간 불편했는데 한 걱정 놓았으며 멀티페어링도 잘작동하고 음질코덱은 막귀라 모르겠다 그건 딸도 마찬기지다 기껏해야 유트브 뮤직듣는 내가 뭘 알리오
귀찮아 하는 딸아이 사용법 토트리얼 알려주니 
10분도 안되서 모든기능 시연했으며
한대는 아이패드 미니 한대는 겔럭시s22 연결해
자유롭게 멀티페어링 사용하는것이 역시 적응이 빨라 놀랬다 1000xm5는 아이패드 프로 인강용
젠하이저 엑센텀은 아이패드 미니 와 폰에서 멀티용도
용도가 확실히 구분되었으며

딸아이가 헤드폰 바꾸고 싶었던 근본
흰색의 투톤 엣지컬러 너무 이쁘다며 신나했으며
소니 1000xm5 와 다르게 무게로인한 눌림 흘러내림
없다고 착용감 만족했다 

내기준으로는 헤어밴드 고무가 가장 맘에들었는데
헤드폰 천년만년 쓸건 아니지만 헤드폰 버리는 이유는 헤드밴드가죽 낡음 때문인데 이어 스펀지와 다르게 리폼이 졸라 빡세서 포기하고 버리는 편이다
근데 가죽이 아니고 고무라 내구성은 가죽보다 좋을것같아서 마음에들었다 뭐 파우치는 줘도 귀찮아 안쓰기도하고 초4 아이가 뭔 파우치가 필요 하겠음 거의 전투형 헤드폰 as2년도 마음에들었다

그렇게 딸은 흰색에 본인 체형에 맞으며 본인 취향의 그리고 가벼운 무게로 인한 착용 안정성을 얻어 만족했으며

나 아빠 본인은 잃어버려도 허허 웃을수 있는 가성비 헤드폰주고 나도 못 써본 소니 1000xm5 를 조만간 뺏어 올수있다는 기대감을 얻었다 

갈 곳 잃은 jbl 은 장식용이 되겠지만
이번 3번의  딸아이 헤드폰으로 느낀점은
내기준으로 사주면 실패한다
어리다고 애들것을 사줄것도 아니며
비싸고 좋은것이라 내만족에 선물로 줄것도 아니며
그 나이 그연령이 원하고 필요한것은
부모의 선입견과 욕심의 구매가 아닌

그 물건을 쓸 아이가 직접 골라야 하는 
아주 기본적 이치를 또 한번 느끼는 구매가 되었다

춤을 좋아하지만 웨이브가 안되는 내 딸아 
젠하이저 아빠도 어릴때 비싸서 못 가져본 브랜드다
만족한만큼 이쁘게 오래쓰면 다음엔 모멘텀 사줄게
대신 이번에 집에서 일자리 잃은 1000xm5 는 아빠가 가져갈게 근데 이럴줄 알았음 블랙으로 선물받을걸
딸 너줄려고 베이지받은건데
40대 아재쓰면 손가락질 받을라나
출근때 한번 가져가보고 안되며 다시 너 줄게
젠하이저 엑센텀과 좋은 날들 보내라 사랑한다 안녕"
2025-05-30,5,디자인도 이쁘고 음질도 좋고 착용감도 편하고 가격도 할인을 많이 받고 사서 너무 만족합니다!
2025-03-26,5,"착용감
- 헤드셋이라 그런지 여름이 쓰면 약간 더울것같다는 생각은 했어요. 익숙해지면 괜찮겠죠? 그리고 약간 귀를 누르는것같긴해요. 머리가 너무 크면 안좋을 것 같아요

디자인
-컴팩트하게 이뻐요 ㅎ 더러워지는거 생각해서 검은색으로 샀는데 깔끔하더라구요. 흠잡을데는 없는 것 같아요

성능
- 역시 가장 기대했던 부분인데, 무선이어폰이랑 확실히 다르더라구요. 유튜브로 헤드폰 성능 확인하는 영상봤는데, 퀄리티가 다릅니다 ㅎ 

아쉬운부분
-이어패드가 뭔가 금방 닳을 것 같다는 느낌을 받았어요... 괜찮늘련지 모르겠네요.
그리고 pc에 연결하려면 동글이가 있어야되는데, 잰하이저 동글이는 aptx adaptive만 되고 aptx hd는 없더라구요
pc로 쓴다면 성능을 못 끌어올릴 것 같다는 생각을 했어요. 그래서 별도로 다른 동글이 구입했는데, 이부분이 아쉬었어요"
2025-05-08,5,첫 헤드셋으로 젠하이저 엑센텀 구매해봤어요. 에어팟 오래 끼면 귀도 불편하고 힘들어서 산건데 너무 편하네요.고정된 느낌도 안정적이라 좋아요. 제일 중요한 음질도 생각보다 좋아서 완전 만족해요!
2025-05-09,5,"한달사용음질 좋아요
최대 소리 크기는 중,상 보다 약간 떨어짐
블루투스...이거는 좋은지 모르겠슴
블루투스 거리는 5m 정도???....
2만원 짜리 중국산 보다 수신거리가 1/3분의 수준임
착용감 좋음 이거는 중국산보다 월등함
전체적으로 좋음
하지만 가격대가 10만원 초반이라서 신세계는 아님"
2025-05-03,5,"음악 듣기 좋아하는 엄마 선물로 구매했어요!
할인할때 구매해서 더 기쁘네용 ㅋㅋ
음질도 너무 좋공 ㅋㅋㅋ 
엄마도 완전 만족! 
스티커 제거하면 완전 깔쌈하게 생겼어요 ㅋㅋ
디자인 이뿌네용"
2025-04-26,5,"실착용하니 모멘텀보다는 2배정도 가볍습니다
역시 음질은 젠하이저라는 소리에 아주 민감하신분이라니라면 모멘텀음질과 아주 비슷합니다"
2025-05-27,5,"오 모멘텀보다 가볍고 좋네요
그냥 캐쥬얼하게 쓰기좋을듯합니다"
2025-05-01,5,"네이버에서 호시탐탐 할인하는지 보고 있었는데, 너무 저렴하게 구매해서 기분이 좋네용~ 지금 처음으로 써봤는데 노이즈캔슬링도 어지럽지 않을 정도로 딱 좋고, 디자인은 말모,,, 또 음질도 조절 다 할 수 있어서 완전 만족스럽습니다 ㅎㅎ"
2025-05-12,5,딸 생일선물로 구매하였습니다. 우선 디자인과 만듬새가 너무좋았어요. 노캔 성능도 정말 좋았고 음질은 기대이상이네요.
2025-05-24,5,"생각보다 작고 가벼운데 쪼이는? 힘은 다른 헤드폰에 비해 강한 것 같아요.
사람마다 다르겠지만 저는 이 헤드폰 사용하면서 귀가 아팠습니다. 이어폰이랑 다르지 않은 느낌?(쪼이는 힘이 강해서 그런 것 같아용)"
2025-05-24,5,음질도 좋고 머리에 썼을 때도 모양이 예뻐요
2025-05-23,5,지인에게 선물했는데 배송도 빠르고 상당히 만족스러워 합니다.
2025-05-29,5,좋은 가격에 좋은 제품 잘 샀습니다.
2025-04-30,5,"가격대비 가볍고 성능 좋고! 
이석증이 있어서 이어폰을 못쓰는데 산책시 용이합니다. 
어플로 조절 가능한 점도 좋네요!"
2025-05-25,5,한달사용좋아요ㅋ이쁩니다~~~~
2025-04-24,5,"블랙 사고 마음에 들어서 화이트도 구매했어요.
아이보리가 살짝 들어가서 더 마음에 듭니다.
개인적으로 블랙보다 화이트가 더 좋은데 때 타는 건 좀 두렵네요.
세일하니까 계속 사게 되네요. 만족합니다."
2025-05-07,5,한달사용버즈를 오래 끼니까 귀가 너무 아파서 헤드셋을 샀는데 확실히 귀가 훨씬 편안해요!! 노이즈 캔슬링도 잘되고 베이스 음이 잘 들려요!! 오래쓰면 머리 위쪽이 좀 아프지만 용서가능👍👍
2025-05-12,5,잘 받았어요. 데탑에 헤드셋은 무거워서 목이 아프고 소니5는 동글에 aptx 지원이 안되서 이걸 샀어요.
2025-04-30,5,명불허전 젠하이저 헤드폰만 6대 모멘텀도 있지만 어센텀도 궁금해서 데일리 서브로 구매했어요. 프리미엄 아닌 엔트리급이지만 어느정도 해주는 젠하이저 열심히 들어보세요. 잘하자 어센텀아!
2025-05-09,5,저렴하게 잘 구매했고 좋아요
2025-05-08,5,"좋은가격으로 잘 장만했습니다~
저같은 대두에겐 장력이 좀 있는편이네요ㅎㅎ"
2025-03-20,5,"배송도 빠르고 가성비 있게 착용하기 좋습니다.
음질 좋아요.
운동할때나 숙이면 살짝 내려오는게 불편하긴 하지만 이 정도면 좋지않나 생각합니다.
통화 음질도 친구가 괜찮다고 하네요.

헤드셋에 변색방지 보호케이스 제품이 없는게 아쉽네요.
보호필름이라도 사서 붙이긴 했는데 붙이기도 힘들고, 남는 부분이 조금 있어 안심되진 않아요."
2025-05-09,5,"부드러운 길이조절, 연속적인 음량조절은 물론 아주 만족스러운 음질입니다."
2025-02-17,3,"총평: 음질, 노캔 모두 평범한 편 나는 베이스의 그 뚠뚠한 느낌을 좋아하고 이 헤드셋에서도 그런 느낌을 기대했는데 그런 느낌이 안 났음.. 이건 내가 청음해보지 않은 부분이 큰.. 전반적으로 무난한 음질임 나와 같이 뮤지컬 음악 많이 듣고 헤드셋에서 그런 웅장함을 느끼고 싶다면 취향에 맞는 다른 제품 사는 게 좋을듯

-장점-
1. 전용 어플을 활용해 음향 조절 가능, 기본 세팅으로 록, 클래식, 팝, 댄스 등 듣는 음악에 따라 설정 변경 가능함

2. 노이즈 캔슬링도 괜찮은편 잘 안되지도 않고 그렇다고 모든 소리를 다 차단해버려도 아닌 조금 잘되는 정도 버즈2 프로랑 비교했을때, 확실히 헤드셋이라 그런지 더 소리 차단이 잘 되는 느낌이었음

3. 깔끔한 디자인

4. 핸드폰(삼성 기준) 연결 빠름

-단점-
1. 켜졌는지 꺼졌는지 알 길이 없다.. 켜질때 잠깐 흰색불이 들어와 있고 조금 있다가 꺼지는데 이게 지금 켜졌는지 꺼졌는지 알 수 가 없다. On/off 버튼 누르고 불 들어오는지 봐야함 또는 어플로 확인 가능

2. 노이즈 캔슬링 기능 끄는게 헤드셋에서 바로 안됨. 핸드폰 앱을 활용해 조절 가능함

3. 전용 파우치 없음

4. 통화 음질은 좋지 않음. 동생이랑 비교해봤는데 삼성 버즈 프로 2는 통화 음질이 깔끔하다고 했는데, 이 헤드셋은 기계음 같이 들린다고 함

5. 컴퓨터와의 연결 안됨. 내가 못하는건지.. 블루투스 켰을때 잡히지 않는다ㅋㅋㅋ 인강용으로도 사용하려고 했는데.. 다시 해볼거지만 속터진다ㅋㅋㅋ"
2025-05-04,5,"이퀄 살짝 만져주면 괜찮아요
그냥 들으면 저음이 엄청 강합니다"
2025-03-02,5,"🥰 친구가 사용하는 것 보고 너무 가벼워서 구매하게 되었습니다

➡️ 보급형이어서 내부 마감이 조금 아쉽긴 하지만 조잡하진 않습니다.

➡️ 제품 사용할때 전체적으로 부드럽고 플라스틱 유격 때문에 발생하는 소리도 전혀 없습니다

😂노이즈 캔슬링 덕분에 강의 들을 때도 다소 조용하게 들을 수 있고 다만 노이즈 캔슬링을 아예 끄는 기능은 없습니다

➡️ 놀란 건 주변 투명도 모드일때 주변 소리가 진짜 잘 들립니다. 그래서 전화 할 때나 바깥 돌아다닐 때 유용합니다

➡️ 정말 6개월 동안 최저가를 호시 탐탐이 노렸는데 네이버 행사할 때를 노리는 게 가장 좋은 것 같습니다

➡️ 오래오래 잘 사용할 제품 같습니다~"
2025-04-28,5,블랙 주문했는데 화이트가 왔어요 근데 화이트도 예뻐서 그냥 쓰려고요! ㅋㅋㅋ 가벼워서 편하고 음질도 좋아요 배송도 2일만에 왔습니다 ~
2025-05-09,5,성능좋아요. 맘에들어요^^
2025-05-08,5,좋아요 잘쓸게뇨 감사합니다
2025-05-24,5,"좋아요
음질은 정말 좋아요
디자인 깔끔하고 심플해서 좋아요"
2025-05-03,4,배송 빠릅니다. 음질 좋아요
2025-04-23,5,일단 가볍고 귀에 딱 밀착됩니다. 소리의 경우 기본에 충실한 것 같습니다. 어디하나 부족한 점 없는 소리를 들려줍니다. 추천해용
2025-05-25,5,바람소리는 많이 나는데 가성비 최고에요
2025-03-27,5,"한달사용정말 잘샀다!! 하는 제품이에오!! 음질 딱 좋고, 노이즈캔슬링만 포기하면 소니나 보스랑 뭐가 다르지 싶을 정도로 가성비갑입니다!! 운동할 때, 산책할 때, 공부할 때 다쓰고 있어요!! 하루에 6시간정도 착용을 해서 그런지 목은 좀 아파요 그래서 이제 공부할 땐 이어폰 쓰려구요 ㅎㅎ 
노이즈가 아예 없는 느낌도 아니에요!! 적당하고 저는 오히려 갑갑하지 않아서 진짜 좋아요! 통화도 잘됩니다!!!"
2025-04-23,5,"1. 배송이 엄청빠르다
2. 계속 고민하다가 이번에 특가여서 삿다
3. 매우 가벼워서 놀랏음
4. 음질 매우 훌룡함"
2025-05-15,5,너무 좋아요 쓰고 있으면 세상에 나 혼자만 있는 거 같고 연동되는 어플도 있어서 편리해요
2025-04-23,5,"할인 및 적립금 먹여서 싸게 샀네요.
음질도 준수하고 가성비 좋네요."
2025-03-22,5,"이 가격대에서 노이즈 캔슬링되는 헤드폰 중 탑티어에 속하는 것 같습니다. 머리에 압박감은 약간 있는 편인데 적응되니 괜찮네요.
디자인, 마감 괜찮고 마침 세일까지 해서 매우 행복합니다.
다른 라인업 제품군도 테스트해보고 싶어지네요."
2025-03-27,5,"헤드셋 고민하던 제품 중 하나였는데 행사하길래 구매했고 굉장히 만족합니다.

디자인도 이쁘고 착용감도 편하고 음질도 좋습니다.

배송도 빠르게 보내주셔서 감사합니다."
2025-05-20,5,품질이 좋고 배송이 빨라요
2025-04-27,5,"한달사용무게, 디자인, 사운드 모두 다 마음에 들었어요!"
2025-05-04,5,아주조아요 만족!!!!!
2025-05-20,5,가격대비 만족합니다
2025-04-29,5,한달사용가격대비 만족합니다
2025-04-29,5,좋습니다~ 맘에 들어요~
2025-03-17,5,"진짜 너무 만족합니다!!! 노이즈캔슬링은 소* 등에 비해 약한데 저는 오히려 귀 안먹먹해서 너무 좋아요!! 아예 바깥소음이 다들리는 것도 아니라서 딱 적당한 느낌이고, 가죽부분 부드러워서 착용감 좋고 요다핏이 적은 편이에요! 안접혀서 보관이 살짝 불편하지만 그것 빼고 색이나 음질 모두 대만족입니다!!"
2025-04-27,5,한달사용헤드폰이 가볍고 좋네요~~~
2025-04-02,5,"매번 이어폰만 끼다가 헤드셋으로 들으니 신세계네요!
가격도 부담스럽지 않아 좋았고 착용감도 편안하니 만족스러워요~~"
2025-04-24,5,이쁘네요 사용전입니다
2025-03-28,5,"버즈만큼은 아니지만 노이즈캔슬링 기능이 작동합니다. 유선헤드셋은 소리를 전혀 못막아줘서 새로 구매했는데 괜찮은것 같아요!
무난하게 깔끔하고 예쁩니다"
2025-05-10,5,심플하고 이쁜데다 성능까지 굳
2025-05-08,5,한달사용음질 좋고 휴대도 편리해요
2025-04-01,2,"한달사용처음엔 좋았는데
조금쓰다보니 삐~~하는 노이즈가 있는데 신경쓰니 자꾸거슬리네요 일단 좀더써보고 as를 보내야할것같은데 심란하네요"
2025-04-19,4,한달사용음질도 기대 이상이고 편합니다.
2025-04-27,5,일단 매우 가볍습니다. 특선물 가격으로 구입해서 이 가격으로 견줄만한 다른 브랜드가 없겠는데요.
2025-05-02,5,와 젠하이저를 이가격에 할인행사를하니 너무 돟은재품 싸게삿습니다
2025-04-17,5,"편하고 음질좋아요
만족~~~ !!"
2025-02-17,5,"드라이버 37mm의 음질과 젠하이저의 음색 퀄리티. 매우 마음에 듭니다. 정확한 음질로 언어공부에도 적합하고, 노이즈캔슬링도 상당한 수준이라 집중력도 향상시켜주며, 음악감상 부분에서도 퀄리티가 타 브랜드보다 앞서 있는 것이 체감됩니다. 음잘알의 젠하이저. 예상보다 더 차별화된 퀄리티. 완족 만족합니다."
2025-04-03,5,"재구매가볍고 심플한 디자인이라 좋아요
사운드도 균형잡힌 소리라 좋습니다"
2025-04-13,5,음질좋고 배터리도 굿
2025-02-23,5,"커널형 이어폰만 듣다가
귀가 아파서 가성비 헤드폰 찾다가
동생이 추천해준 젠하이저 브랜드 헤드폰 구매했는데
역시 가성비 내려요!!
할인 할 때 구매해서 더 가성비 내리고
배송도 13일 새벽쯔음 주문해서 14일 저녁에 받았어요!
완전 총알 배송입니다!!
헤드폰은 첫구매인데 노캔도 이정도면 만족하고 
가격도 좋고 입문용? 헤드폰으로 추천합니다ㅋㅋ
왜 안사세요?ㅋㅋㅋ
디자인도 존예 입니다!! 💕"
2025-04-02,5,한달사용만족스런 퀄리티의 음질 음색 기능 디자인. 역시 젠하이저
2025-04-06,5,나만의 음악을 듣고 싶은 분들에게 추천드립니다
2025-04-25,5,"재구매무게도 가볍고 디자인도 깔끔해서 좋아요
음질도 좋네요"
2025-03-20,5,평소 관심 있던 헤드폰을 정말 좋은 기회로 구입하게 되었습니다. 젠하이저야 믿고 쓰는 음향기기 제조사라 기대가 되네요.
2025-03-21,5,헤드폰 입문자인데 가성비 좋은 거 같아요 저는 귀가 예민하지 않아서 이정도면 만족입니다
2025-03-31,5,"한달사용가성비 내려요!!
장시간 사용해도 가볍고 편안해요 💕 
음질도 만족합니다!!!"
2025-02-13,5,"1.착용감 좋구요
2.해상도 좋구요
3.저음은 조금 약한편인데 EQ 설정하면 들을만해요
4.하얀색이 쪼금 더 이쁘네요
5.블투 연결이슈는 아직은 잘 모르겠고 PC랑 폰 2대 연결해서 사용중인데 잘 붙네요. 뽑기 잘된듯..
6. ANC는 약한편 맞아요. 전 실내용으로 사용중이어서 크게 상관없어요

전체적으로는 세일가격에 잘산듯. 만족합니다"
2025-04-24,5,한달사용한달간 사용했는데 만족하며 사용중입니다!
2025-04-26,5,한달사용젠하이저 제품은 역시 좋은 것 같습니다
2025-03-20,5,한달사용이전 모델은 온오프시 음성으로 알려줘서 편했는데 이건 꺼진건지 아닌지 구분이 바로 되지않아 조금 귀찮아요 블루투스 연결 잘되고 통화음도 괜찮아요
2025-04-18,5,"사운드도 충실하고 편하네요 
오래 썼던 브랜드가 제일 좋네요"
2025-02-15,5,"최근에 쓰던 소니 헤드폰이 망가져서 새로 구매하게 됐습니다.
음질 아주 만족하나 노이즈 캔슬링은 확실히 에어팟에 비교하면 확실하게 되지는 않는것 같아요.
그래도 아예 안되는 정도는 아니라서 근처 소음 막는 정도로는 만족합니다.

뭣보다 여태 쓰던 헤드폰보다는 경량이라 가벼워서 쓰기 좋아요."
2025-03-27,5,한달사용음질 좋아요. 만족합니다.
2025-04-20,5,한달사용좋아요 잘받았습니다
2025-03-18,5,한달사용착용감 좋고 노이즈도 잘 되요~백퍼는 아니지만 이정도면 완전 조용하다고 느낍니다. 잘 쓰고 있어요.
2025-03-24,5,"가볍고 디자인도 예쁘네요.
잘 쓸게요"
2025-04-18,2,2주정도 쓰고 있는데 어느날 갑자기 삐~거리는 노이즈가 들려요..
2025-03-19,5,처음으로 쓰는 무선 헤드셋이에요~ 입문용으로는 만족스러워요
2025-03-22,4,음질도 좋고 착용감도 좋습니다 조작도 편리하네요
2025-03-29,5,빠른 배송 감사합니다.
2025-04-20,5,깔끔하고 너무 좋아요 ㅎㅎ
2025-02-24,5,"첫 무선 헤드폰인데 아이팟 pro 보다 음질 좋고
집에서 공부할때 노캔 키구 공부하니깐 티비소리
하나도 안들려서 좋아요 !
귀돌이는 덤 ~!!"
2025-03-15,5,한달사용사용한지 3개월 넘었네용~~ 디자인 예뻐서 일단 계속 만족하며 잘 사용하고 있습니다~~~ 짱짱
2025-03-26,5,음질이 좋아서 잘 산거 같습니다
2025-03-24,5,할인 많이받은거 같고 가격대비 괜찮은거같아요
2025-03-21,5,"아들 선물로 구입했는데 아이가 넘 좋아 하고
배송도 빠름"
2025-03-25,5,빠른배송 감사합니다.
2025-03-13,5,"한달사용외부 소음차단 -> 소음 완전 처단 : 90점

음질 : 95점

디자인 : 90점

감 사 합 니 다

^^"
2025-03-25,5,아직 안들어봤지만 빨라요 배송
2025-04-09,5,한달사용배송도 빠르고 너무 좋습니다
2024-12-20,4,"헤드폰에 별 관심도 없었는데 홀리데이 선물대첩 할인에 혹해 있으면 가끔이라도 유용할 것 같아 11만 미만의 엄청 좋은 가격에 구매했습니다. 

젠하이저와 다른 음색 취향이 확고한 분 제외 20만 이하는 물론이고 제 구매가 기준이면 10만 아래 초가성비 저가형 헤드폰을 염두해 두신 분들도 몇만원 더 쓰고 이거 사시면 됩니다. 

요다현상 없는 호불호 없을 깔끔한 디자인에 만듦새, 마감도 훌륭하고 가볍습니다. 
(3~40만 이상의 상급/프리미엄급 이상과 비교는 하지 마시길.)
개인적으로 터치보다 물리버튼을 좋아하는데 이것도 맘에 드네요.

소리 성향은 개개인 취향의 영역이라 따로 언급하지는 않겠습니다. 
그저 개인적으로 답답하지 않고.. 저음이 과하지 않으며.. 음질 대비 미친 가격이 아니고 무겁지 않은 것에 만족합니다.  
ANC 또한 완벽하게 차음 되는건 답답해서 좋아하지 않는지라.. 이 정도면 충분합니다..만 완벽한 차음을 선호하는 분들에겐 불호이겠네요. 

추천합니다.

(추가) 

BTD600 동글이 + LG V50 스마트폰 조합으로 들으니 aptX 코덱이 적용되어 음질이 훨씬 좋아지네요. 
출력이 드라마틱하게 좋아지고 해상도, 공간감, 밀도감 등 모든 면에서 업그레이드 됩니다. 

여유 되면 동글이는 필수에 가까운 선택 같습니다. 
12월 현재 쿠*이 제일 가격이 좋습니다."
2025-01-23,5,"한달사용무선헤드셋사고싶어서 이것저것 기웃대다가 회사쌤추천으로 샀는데 정말 너무너무 좋아요!!
일단 타사제품대비 너무 가볍고 충전도 오래가고 음질로 유명한 젠하이저답게 음질도 너무 만족스럽습니다!!👍🏻👍🏻👍🏻
요새 겨울이라 귀따뜻하게 다녀서 너무 좋구요 최근에 해외나갈일이 있어서 비행기 탈일이 있었는데 노이즈캔슬링효과를 똑똑히 봤습니다🥹이제 노캔없이 비행기못탈정도....
그리고 전용 어플로 노이즈캔슬링이랑 투명도 조절할 수 있어서 더 편해요👍🏻
요새 만나는 사람마다 써보라고하고 직원도아닌데 영업하고 다닐정도로 너무 만족스럽게 잘 쓰고 있습니다😆"
2025-03-20,5,"역쉬 젠하이저
싸구려 중국산만 쓰다가 이거 쓰니 감동"
2025-03-16,5,한달사용소리 좋네요 노캔도 잘 되고
2025-04-13,5,가볍고 음질 좋습니다.
2025-04-10,5,한달사용음질도 좋고 착용감도 좋아요
2025-03-06,5,"노이즈캔슬링 기능도 너무 좋고
음질역시 너무 만족스럽습니다"
2025-03-15,5,한달사용잘 사용하고 있습니다ㅎㅎ 대만족!
2025-03-03,5,한달사용지인들이 음질을 들어보더니 다들 구매하고 싶어하네요. 무엇보다 이벤트 기간에 저렴하게 구매한 것을 부러워합니다. ㅎㅎ
2025-04-01,5,한달사용착용감이 편안하고 음질도 괜찮어요
2025-02-18,5,"블루투스 헤드폰 첨써보는데 기존께 고장이 나서 가격도 좋고 이뻐서 구매했습니다.
PC에 쓰는게 목적이었는데 연결방법을 모르겠네요. 폰으로 음악감상했을때 만족합니다."
2025-02-17,5,착용감도 괜찮고 노이즈캔슬링도 이 정도면 만족스러워요! 잘 산거 같아요! 넘 맘에 듭니다 굿굿👍
2025-03-23,5,한달사용귀도 편하고 주변소음도 잘잡고 통화할때도 음질도좋습니다. 가격도좋고
2025-02-14,5,써보니까 넘 가볍고 음질도 좋아서 잘 쓸 수 있을 것 같아요. 제품도 깔끔한 제품으로 잘 받았습니다~
2025-03-09,4,한달사용가성비 좋은 헤드폰이에요. 걷기할 때 귀마개겸 사용하려고 적당한 가격으로 찾았었는데 딱 맞춤이었어요.
2025-02-21,5,"배송빠르고 음질 맘에들어요 
가성비 좋습니다"
2025-02-16,5,"음질 대박이에요!
동글이랑 같이 쓰는데 귀르가즘 지려버림쓰👍🏻"
2025-02-21,5,한달사용가격대비 훌륭합니다. 음질 만족 스럽습니다
2025-02-21,5,"한달사용입문용 전투용 헤드셋으로는 최고네요 
모든게 적당히 좋습니다"
2025-03-16,5,한달사용좋아요좋아요좋아요좋아요좋아요
2025-03-07,5,아주 마음에 들어요. 가격도 부담스럽지 않고 통화와 음질도 만족합니다!
2025-02-12,5,"몇년전에 사서 잘 쓰다가 얼마나 좋아졌나 싶어 다시 사봅니다 모델은 다르지만 음질은 역시 비슷비슷하네요 아쉽지만 블루투스 연결은 훨씬 빨라졌네요 
다음엔 모멘텀으로"
2025-02-25,5,좋은헤드폰저렴하게판매감사합니다
2025-02-27,5,"한달사용가볍게 밖에서 쓰기 정말 좋습니다. 
추천합니다."
2025-01-15,5,"모멘텀 이어폰을 쓰는 중인데, 헤드폰도 필요해서 주문 했습니다. 모멘텀보다는 급이 낮기는 하지만, 이어폰과 헤드폰의 음질 차이는 역시 크네요.
저음부의 무게감이나  소리가 주는 풍부함을 고가모델과 비교할바는 아니지만, 이 가격대에 이 음질이면 최고인듯 합니다. JBL이나 소니 저가모델과 고민 중이시라면 그냥 조금 더 주고 이거 사면 됩니다.
다만, 젠하이저라는 이름 대비 소재의 싸구려 느낌은 모델 가격상 어쩔 수 없는것 같네요. 젠하이저 이름 대비 싸구려라는 것이지, 일반 브랜드에 비할바는 아니고요."
2025-02-05,4,"소리는 그가격대에 맞게 엄청 좋은것도 나쁜것도 아닌듯 적당히 쓰기 좋은 제품, 노캔 성능은 기대 안하는게 좋음 
목에 끼고 다니려 했는데 사이즈가 작은편이라 이쁘게 하고 다니진 못할듯"
2025-02-21,4,고민하다 후기보고 가성비 괜찮은듯해서 구매했습니다
2024-12-21,5,제품개봉후 바로 블루투스연결해서 들어보니 가성비 좋은 헤드폰이라  생각됩니다 보통 노이즈캔슬링으로 유명한 소*나 보* 다 사용해보았는데 젠하이저는 한번도 사용을 못해보았지만 리뷰에 좋다는 펑들이 많아서 구매했어요 여러 장르의 음악들을 들어본결과 저는 들을만합니다 사실 고가의 30~50만원대 헤드폰과 비교하긴 적당치 않지만 장점이 많은것 같아요 아직 노이즈캔슬링은 어느 정도인지 소음있는곳에서 착용해보지는 않았으나 저는 이정도로도 만족합니다 구매시 블랙과 아이보리 어떤 색상으로 할지 많이 고민했는데 둘다 괜찮아 보입니다 헤드폰착용시 타사 헤드폰보다 압박감은 조금 있네요
2025-03-16,5,잘받았습니다 감사합니다
2025-02-17,2,한달사용별로에요 가격대비 여러모로 비추합니다
2025-02-12,5,주변에서 소문 듣고 삽니다. 아직 사용전이라 한달 후기로 남기겠습니다.
2025-03-09,5,10만원대 헤드폰에서 줄 수 있는 가성비 기능들이 꽤나 만족스럽습니다
2025-02-14,5,블랙은 정가로 화이트는 강세일가로 샀어요. 노이즈 잘 되고 좋습니다.
2025-03-18,5,한달사용가성비 짱 입니다.
2025-03-13,5,한달사용빠른배송감사드립니다.
2025-02-23,5,한달사용헤드폰 음질 좋고 멋집니다~~
2025-02-10,5,한달사용장시간 착용시 머리가 좀 눌려서 아프네요. 그것 말고는 만족합니다
2025-02-19,5,"한달사용해드셋 자체는 너무 만족함
다만 기기를 변경할 때 자동페어링이 안되는건 조금 불편한 부분
엑센텀 사용하고 나니까 그냥 돈 좀 더 써서 모멘텀 살껄 하는 후회가 온다"
2025-02-20,5,한달사용잔오류가 있긴하지만 가격대비 만족
2025-01-24,5,"제품이 깨끗하게 잘 도착했습니다.
사용한지 몇 일 안되서 얼마 안 써봤지만, 좋은 제품인 것 같습니다.
저는 터치 컨트롤을 싫어해서 엑센텀 플러스 보다 이 제품이 오히려 더 좋더군요. 유선연결만 포기한다면 엑센텀 플러스까지 안 가도 될듯 합니다."
2024-12-19,5,"이어폰이 아파서 사용하기 힘들어졌기에 헤드폰을 구매하게 되었습니다. 아들이 젠하이저를 유선 이어폰부터 헤드폰까지... 마니아라 성능은 의심하지 않고 선뜻 구매를 했습니다. 투톤의 색상이 고급 지고 이뻤고, 노이즈 캔슬링은 완벽하지 않지만, 외부 소리가 조금은 들리는 것이 저는 더 좋습니다. 사이즈 조절도 편리하게 되어 있어서 좋았습니다. 합리적인 가격에 이만한 성능의 헤드폰이라..적극 추천합니다."
2025-02-22,5,한달사용은근 색상이 좋구요. 생각보다 에러가 적다. 착용감이 좋다. 가볍다. 충전이 오래간다.
2025-01-07,1,"여기는 판매만 하는 사이트로 불량이라 교환이든 환불이든 고객이 직접 고객센터에 전화하고 답변 기다리고 접수해야함. 그 과정이 번거롭고 정말ㅎ... 상품 받았는데 상태 불량(열자마자 기스 있었음)이라 교환 원한다고 하면 아 새상품으로? 근데 그게 너 잘못 일 수도 있고.. 기스 안 닦임? 뭐 일단 알겠는데 새상품 교환 그건 본사쪽이랑 이야기해봐야함 딱 이 반응임. 진짜 이런곳 살다가 처음 봄. 
본사쪽 기다려서 택배신청하고 교환 받고 내돈 쓰고 내가 왜 이러고 있지 하는 경험하고 싶으면 사세요."
2025-02-11,5,젠하이저 가성비 최고 기능성 최고 깔끔 화이트 디자인 블루투스 헤드셋
2025-01-19,4,"한달사용특정 음색에 확고한 취향이 있는게 아니라면 20 미만의 중저가 헤드셋 중 최고의 선택지 중 하나일 것 같네요. 

물리버튼, (완벽하지 않지만) 적당한 ANC 성능, 요다현상 없는 깔끔한 디자인.. 뭐니뭐니 해도 특정 대역에 치우치지 않은 소리 성향 등 만족합니다."
2025-02-11,5,"한달사용직원 선물용으로 구입하였는데, 다들 만족하고 사용하고 있습니다."
2025-02-24,3,한달사용모양이안이쁨 툭툭 터지는소리가 지속됨ㅜㅜ 앱지우라고해서 지웠는데도 남..
2025-01-02,5,"기존에 앤커 Q45를 이용하고 있었고 그와 비교해서 리뷰합니다.

Q45 대비 장점
- 브랜드 밸류: 역시 젠하이저
- 음질
- 커스터마이즈 기능
- 무게
- 조작성

Q45 대비 단점
- ANC: 특히 풍절음이 심함
- 착용감: 밴드가 Q45대비 살짝 짧아서 대두에겐 약간 애매함
- 고급진 마감: 조금 아쉬움(로고가 살림)

액센텀은 결국 음향기기의 본질인 음질 등은 확실히 좋지만 ANC 같은 기능은 좀 아쉬웠습니다.
의외로 만족스러웠던건 무게인데, 200그램 초반대의 무게는 확실히 부담이 덜해서 만족스러웠습니다.
추천합니다."
2025-02-22,5,한달사용할인 기간에 구매를 하니 가격도 착하고 이 가격대에 너무 만족하며 쓰고 있습니다.
2025-02-09,5,음질 좋고 착용감 편해요
2025-01-18,5,선물로 구입했는데 너무 좋아하더라구요! 가볍고 젠하이저 특유의 사운드도 좋고 만족합니다!
2025-01-19,4,"헤드셋 처음구매하는거라 음질은 비교하기는 그렇지만 이어폰보다는 좋은거 같아요. 
수동으로 연결버튼 누르는건 좀 불편해 보이지만 처음에만 하면 되서 괜찮아요."
2025-01-14,5,잘 받았습니다~~~ 사용하던 에어팟이 수명이 다해ㅎㅎ 헤드폰을 사보았습니당 운동할 때나 여기저기 사용하고 있는데 디자인 예뻐서 좋으네여!! 가성비로 너무 좋은 템 같습니당ㅎㅎㅎ 많이 파세요오~~!
2024-12-14,5,"기존에 쓰던 비츠 헤드폰을 잃어버려서 눈물 머금고 새 헤드폰 장만했습니다
제가 고려한건
1. 디자인 (패션겸용)
2. 가성비
3. 음질 좋음
4. 끊김현상 적음
이었고 디X인사이드까지 찾아가면서 비교해봤는데
젠하이저 엑센텀이 가장 밸런스가 좋은 제품이라 생각해서 구매해봤어요
써본결과 디자인도 너무 귀엽고
쿠폰 먹이고 해서 거의 10초반에 구매한거라
후회 없습니다 !!!!!
약간 소리가 새어나오긴 해서 독서실에선 중간 크기 정도로 듣는거 추천드려요"
2025-03-05,4,한달사용남자친구 사줫어요 좋다네요
2024-12-18,5,"편하고 작은 모멘텀이네요.
음색으로는 상위급인 헤드폰에 비하여 미묘하게 아쉬운 부분이 있지만 가격, 무게를 생각하면...
이정도는 타협가능한 부분이 아닌가 싶습니다.

그래도 젠하이저 특유의 단단하고 울리는 저음과 적절한 고음역대로 편하게 듣기 좋네요.

튜닝은 중립(기본값) 설정이 그 특색을 가장 잘 나타내는것 느껴지네요."
2024-12-20,5,남자친구가 버즈를 잃어버려서 헤드셋으로 선물해줬는데 음질도 좋고 가볍고 너무 좋다고 합니다. 오래 끼고 있어도 귀도 안 아프다고 하고요.. 몸에 지니고 있는데다 눈에 띄어 잃어버릴 염려도 없고 추운 겨울엔 귀마개 용도로도 안성맞춤 이네요~ 진작 살 걸 그랬다고 아주 좋아합니다. 너무 만족스러워요^^
2024-12-20,5,에어팟만 쓰다가 외이도염 때문에 이어폰을 꺼려하던 중에 헤드셋은 좀 나을 것 같아서 거진 5개월은 고민하다 할인할 때 첫 입문용으로 질렀어요! 왜 이제야 구매했나 싶어요.. 진짜 중저음 표현력은 최고인 듯 합니다!! 블투가 잘 연결 안된다는 말이 많아서 고민 많이했었는데 우선 그 부분은 써봐야 알 것 같아요! 색도 너-어무 예뻐요ㅠㅠ 입문용으로 정말 대대대만족!!
2025-01-19,5,에어팟맥스나 소니 플래그십 헤드셋도 다 써보고 결국 가성비로 택했는데 무난하게 쓰기 좋습니다 행사해서 좋은 가격에 저렴하게 잘 샀습니다
2025-02-14,5,"음질도 좋고 디자인도 만족해요.
대두인데 불편함도 없어요."
2025-01-11,5,한달사용구입하고 나서 충전 한 번도 안했는데 아직까지 잘 되네요. 충전을 자주 안해도 된다는 점이 정말 마음에 들구요 소리도 좋아요.
2024-12-14,5,"이어폰이 고장나면서 무선 이어폰을 살까 헤드셋을 살까 고민하고 찾아보다가 젠하이저 엑센텀이 할인을 많이해서 비교적 저렴한 가격에 구매할 수 있었어요.
확실히 젠하이저라서 음질이 좋고 노이즈캔슬링도 잘되요. 디자인도 모던한 디자인이라서 이쁩니다. 
무게도 가벼워서 너무 오랫동안 사용하지 않으면 무리없이 사용할 수 있을거 같아요.
올 겨울 따뜻하게 음악 들을 수 있을것 같아요."
2025-02-21,5,색깔도 이쁘고 잘 쓰고 있어요
2025-02-20,5,딸랭이 선물이였는데 너무너무 좋아하네용
2024-12-18,5,"한달사용날씨가 추워지면서 야간 산책시 착용하려고 구매했는데, 요즘 정말 구매목적에 맞게 유용하게 사용하고 있습니다. 노이즈캔슬링 정말 좋네요. 젠하이저 명성답게 음질이야 말할것도 없고, 어플도 사용하기 편하고 정말 좋습니다. 구매 강추합니다."
2025-02-22,5,상품 이쁘고 좋아요!
2025-02-22,5,상품 이쁘고 좋아요!
2024-11-11,5,"😄음질
 어플받아서 설정을 이렇게 저렇게 다 바꿔봤는데 그냥 안건드는게 제일 좋더라구여. 이미 튜닝이 잘 돼있나봐요. 제 취향은 베이스 묵직한 소리리서 튜닝 건드니까 밸런스가 더 깨지는 느낌이더라고여. 

😄노이즈캔슬링 
 일단 이어패드가 귀를 한 번 덮고 있어서 소리가 덜 들어오는데 노캔까지 작동시키면 앞사람과 대화는 감으로 해야해요. 우주에 혼자 있는 느낌은 아닌데 생활소음은 차단돼요!!

😄 디자인
 넘 예쁘고여. 길이 연장할 때 머리쪽 부분이 툭잘려서 늘어나는게 아니라 이어패드쪽의 이어진 곳이 늘어나서 자연스럽고 예뻐요. 착용하면 예쁘고여 목에 걸어도 예뻐요. 그냥 넘 예뻐요. 

🙂이어패드
 약간 더워요.. 헤드셋이니까 각오는 했는데 귀가 따뜻해졌어요ㅋㅋ올 겨울 귀마개는 필요없을 것 같아요. 귀에 착용했는데 볼에 살짝 닿아서 얼굴 기름에 패드부분이 삭을까 조금 걱정되긴하더라고여..이건 제얼굴이 커서 그럴수도..ㅠㅠ

😄포장상태
 헤드폰 상자에 에어캡으로 감싸서 딱 맞는 택배박스에 담겨왔어요. 어지간한 충격은 잘 견뎠을것같애여ㅋㅋ

😄배송
 빨라요. 경기 외각이라 2일 걸리겠지 했는데 하루만에 도착했어요!!"
2024-12-22,5,"카페에서 어느 여성분이 젠하이저 헤드셋을 쓰고계신거를 보고 반해서 바로 구매했어요. 생각보다 너무 가볍고, 배터리가 오래가서 편해요. 제가 클래식 음악 좋아하는데, 젠하이저가 베이스를 잘 살려주는 느낌이라 음악 감상 부분에서도 만족했어요. 무엇보다 합리적인 가격에 좋은 상품이라 좋아요! ❤️"
2025-01-16,5,한달사용아버지 사드렸는데 좋아하시네요! 감사합니다
2024-12-27,5,"디자인, 착용감, 우수합니다.
특히 음감이 너무 풍부해서 좋구요.
할인받아서 구매했는데 가성비는 타브랜드 대비 가장좋은것 같아요.."
2025-02-19,5,한달사용갬사랍니다 잘쓸게오
2025-02-16,5,한달사용제품 퀄리티가 좋아요
2024-12-28,5,색깔은 페이지랑 동일하고요. 충전 케이블도 색을 맞춰서 주더라고요. 음질은 좋은 것같고 한 절반 정도 음량으로 하면 밖으로 새는 느낌도 없어요. 근데 유선 연결이 갤럭시는 그냥 꽂으면 되는데 아이폰은 유선 연결이 잘 되는 느낌은 아니에요. 그래도 배터리도 길고 편해요.
2024-11-28,5,추워지면서 귀마개겸으로 적당한 가격대 찾다가 옛날에 유선 이어폰을 쓸 때 젠하이져 제품을 쓴 기억이 있어서 한 번 찾아봤는데 마침 할인을 흐길래 샀는데 만족해요! 헤드폰 벗었을 때 자동 정지되는 기능이 있었으면 더 좋았을 것 같긴 한데 이 정도로도 저는 만족합니다.( 샘 스미스의 i'm not the only one 전주 듣자마자 드럼 북 소리에 감탄했어요👍👍) 썼을 때 핏도 괜찮고 디자인도 깔끔하고 맘에 들어요 그리고 귀가 안시려워요 😁
2024-12-20,4,음질 및 착용감은 너무 만족스럽습니다. 타 고가라인과 견주어도 손색이 없네요. 다만 휴대용 케이스가 없어 휴대성이 좀 떨어지는 것이 좀 아쉬워요~
2025-01-20,5,한달사용젠하이저 회사서 쓰고있어서 사봤습니다 만족합니다
2025-01-16,5,귀를완전히 덮는 스타일.음질괜찮은듯요
2025-01-22,5,음질도 좋고 따뜻하고 가볍고 간편해요 🫶🏻
2025-02-17,4,한달사용음질이 좋습니다!!
2025-02-10,5,빠른배송 감사드립니다.
2024-12-25,4,가볍고 음질도 좋습니다.그런데 귀부분 팁? 솜인지 스펀지인지 들어가있는 부분이 너무 탄력이 없어서 그 부분을 좀더 빵빵하거나 힘있게 만드시면 좋겠어요.헤드셋은 이뻐요.
2025-01-14,5,조카 졸업선물로 사줬는데 예쁘다고 좋아하네요 굳b
2025-02-02,5,한달사용정말 잘 산 것같습니다. 누군가에 선물하고 싶네요
2024-12-18,5,"깔끔하고 예쁩니다. 저는 음질에 예민한 사람이 아니라서 음질도 이정도면 만족해요..!조작방법도 어렵지않아서 날 추울때 특히 애용할것같습니다
머리닿는부분이 말랑말랑해서 진짜 좋아요👍"
2025-01-18,5,한달사용젠하이저 엑센텀 좋아요
2024-12-30,5,여자친구 선물로 사줬는데 착용감도 편하구 노캔도 좋다고 하네요 영상시청용으로 가성비 좋습니다.
2024-12-31,5,"한달사용배송좋고.소리좋음.잘들림.
다만 버튼이 좋았으면 더 좋았겠음(전원버튼).작동이 불편함."
2025-01-09,5,한달사용직원들 연말 행사 선물로 구입하였던 제품인데 다들 음질도 좋고 편하다 합니다.
2024-12-19,5,평소 에어팟을 주로 이용하다 두번째로 구입한 헤드폰입니다. 가성비에 휴대성이 좋아 손이 자주 갈 것 같아요. 추운 날씨에 귀도리로 쓰기에도 좋습니다. 노캔 기능도 만족스럽고 가격 생각하면 이만한 제품 없는 것 같아요.
2024-12-17,5,가성비 최고네요. 장점은 노이즈캔슬링 잘 되고 생각보다 가벼워요. 그리고 색상이 이쁩니다. 검정색이랑 고민하다가 화이트 했는데 이쁘네요.
2024-12-29,5,"착용감도 무난하고 노이즈캔슬링 잘되네요 ㅎㅎ
이어폰이 귀가불편해서 한번 사봤는데 만족합니다."
2025-01-12,5,막귀인데 좋습니다. 해드폰 사고 싶어서 알아보다가 행사 기간에 싸게 잘 샀네요. 노이즈캔슬링은 에어팟이 좀 더 잘되는 것 같긴해요. 회사에서 사용하려고 샀어요
2024-12-31,5,한달사용따뜻해요👍👍다만 헤드폰 벗었을때 자동 정지 기능이 없는게 좀 불편하네요 이것빼곤 전부 만족합니다!
2025-01-16,5,한달사용잘쓰고있습니다 만족
2024-12-31,5,음질이 좋아요. 디자인도 마음에 들어요.
2025-01-08,5,한달사용음질은 살짝 아쉽지만 착용감 아주 편안
2024-12-19,5,"저가 해드폰은 처음 써보는데.. 플라스틱 느낌은 나지만 음질은 가성비 좋은것 같습니다

블투연결이 좀 버벅이긴하네요 ㅜㅜ

앱도 약간 불편하고요"
2025-01-25,5,한달사용소음방지 굳. 진짜 좋네여
2025-01-19,5,"겨울엔   이만한   귀마게가  없네요 
음악도  듣고 귀도  따듯하게  하고 
출퇴근에  꾸준히  사용중이네요"
2024-12-18,5,"이가격대에 이만한 상품찾기 힘듭니다.
착용감부터 사운드까지 다른저가형들과는 비교가 불가합니다
겨울혹한기 출퇴근용으로 따뜻하고 
좋은음질로 출퇴근 쌉가능했어요"
2024-12-18,5,생각보다 크기가 작아서 딸 아이가 사용하는데 불편함이 없어요. 소리도 너무 귀가 편하게 들리구요. 최근 구입한 물건중에 최고 입니다.
2024-12-17,5,기존 헤드폰이 고장나서 고민하다 찾은 제품인데 가격대비 성능이 좋네요. 무게도 가벼워서 장시간 사용에 무리 없을듯 합니다. 잘 사용하겠습니다~
2025-01-30,5,한달사용가성비 정말 최고입니다.
2024-12-19,5,중학생 아들 선물인데 음질 너무 좋아요. 모양도 이쁘구요. 저렴한 이어폰만 사용하다 신세계를 경험하네요.. 제것도 사고싶은..ㅎㅎ
2024-12-05,5,"모멘텀 사기에는 부담 스러워서 엑센텀 알아보고 있었는데, 때마침 할인 기간에 구매하게 되어 저렴하게 좋은 제품 구매하게 되었습니다. 
엑센텀 정도 되니 젠하이저 다운 소리를 느끼는 것 같습니다. 노이즈 캔슬링도 만족스럽습니다.^^"
2025-01-08,4,가격대비 전체적으로 만족해요. 음질은 그냥저냥 들을만하고 충전하고 오래가는 편인 것 같아요~ 아이보리 색상 괜찮넹ᆢㄷ
2025-01-02,5,"생각보다 가벼워서 놀랍고, 겨울철에도 행복한 음감을 하고 있어요."
2025-01-23,5,한달사용노이즈 캔슬링이 살짝 약하긴 한데 그거빼곤 다 좋아요
2024-12-25,5,"한달사용음질 좋음, 노이즈캔슬링 보통, 바람소리듣기 기능은 잘 모르겠음
블루투스 연결할때마다 어플로 매번 노이즈캔슬링, 바라소리 꺼야함"
2025-01-30,5,한달사용아들이 잘사용하고 있어요~!!
2024-12-14,4,한달사용귀가 안 아프고 좋아요.한번 충전으로 오래 사용할 수 있어서 좋아요. 상품 불량으로 교환신청했는데 빠르게 응대해줘서 좋았어요.
2025-01-07,5,한달사용굳입니다 잘 쓰고 있습니다
2025-01-20,4,"한달사용음질만큼은 최강
차음성 너무 좋고
다만 파우치가 아쉽다 ㅠㅠ"
2024-12-25,5,배송이 빨랐고 색깔도 기대한것보다 훨씬 예쁘고 만족스럽습니다
2024-10-31,4,"겨울만 되면 귀가 너무 시려서 귀마개 겸 음악감상용으로 구매했습니다. 플래그십 모델도 고려했었지만 가성비를 중요하게 생각한다면 엑센텀이 더 나은 선택입니다. 다른 리뷰에서 많이 본 것처럼 장력은 있는 편이지만 쓸 때만 거슬리고 쓰고 나선 압력이 별로 느껴지지 않습니다. 노캔이 약하다는 평도 많았는데 대화소리는 잘 차단되지 않는 것 같으나 기차, 버스 소리 같은 규칙적인 사운드는 곧잘 걸러줍니다. 오히려 의외로 잘 된다고 느꼈습니다. 음질이야 워낙 유명한 회사니 믿고 사셔도 될 겁니다. 무선 이어폰보다 확실히 한 단계 위의 음질을 보장합니다. 종합적으로 만족하지만 별을 하나 뺀 이유는 이어패드 한 쪽에 구김이라고 해야 할지 이게 좀 거슬리네요. 이것 빼곤 다 괜찮습니다. 추천합니다."
2024-12-18,5,가격대비 음질이 좋고 소음도 잘 차단되면서 추운 날 귀마개 역할도 잘해줘서 좋습니다!! 잘 쓰겠습니다!!
2024-11-29,5,눈여겨 보고 있던 차에 선물로 구매했습니다. 화이트가 땋하니 예쁘고 눈에 들어오더라구요. 실물도 진짜 예쁩니다. 헤드셋 부분은 짱짱하니 잘 잡아주고 음질은... 진짜 좋아요. 막귀라 잘 들리면 되지 싶었는데 아닙니다. 달라요. 그 윗등급은 어떨지 기대되네요. 담에는 그걸로 사는걸로
2024-12-28,5,아이 크리스마스선물로 사줬는데 가벼우면서 너무 좋다고 하네요.
2025-01-01,5,"착용감,음질,가성비 생각이상입니다"
2025-01-17,5,"가성비 최고,, 너무 좋아요!!"
2024-12-28,5,디자인 예뻐서 샀는데 너무 만족합니당
2024-12-24,5,편하고 가벼워서 좋아요 음질도 좋네요
2024-12-19,5,젠하이져... PD들이 회사서 쓰는거보고 잠깐 들어봤는데 좋더군요 그래서 주문했습니다!
2024-12-25,5,젠하이저 헤드폰 음질 좋습니다~~
2025-01-18,5,한달사용선물 받은 사람이 좋아합니다 감사합니다
2024-12-19,5,"배송도 엄청 빠르고 오버이어라 귀도 편합니다. 
무엇보다 음질이 너무 만족스럽습니다."
2025-01-21,5,이거 써보니까 매우 잘들립니다
2024-12-26,5,한달사용노캔은 그닥이지만 세일가로 사서 만족해요
2025-01-17,5,"디자인, 음질, 기능, 그리고 여기가 제일 싸요"
2025-01-16,5,한달사용아들이 항상 끼고 삽니다. 음감을 위한 동반자가 되었어요~
2024-12-04,5,"빠르게 배송되었고
음향도 좋고 디자인도 이뻐요
착용감도 부드럽고 편안해요"
2025-01-23,5,한달사용어쩌다 끊김 있네오
2024-11-01,5,"한달사용블루투스도 되게 잘되고 노이즈캔슬링도 잘돼요! 소리도 잘들리고 심지어 이쁘기까지해요
헤드셋 살까 말까 반년 고민했는데 왜 고민했나싶네요
다만 집이 없는게 아쉽고 헤드셋집 꼭 따로 사서 들고 다니세요! 기스나면 맴아픕니다
하루종일 끼고 있을때만 목이 아픈느낌? 이건 단점이라 말하기 어렵겠죠ㅎㅎ
뺏을때 자동으로 일시정지 안되는건 아쉽긴 하지만 이 가격에 그거까지되면 양심없는걸로 생각하고 만족하면서 쓰고 있습니다 아주 추천합니다!"
2024-12-17,5,"엄마 선물로 드렸는데 엄청 좋아하세요.
디자인도 예쁘고, 가격 대비 음질과 편의성도 좋습니다."
2024-11-17,5,"한달사용막귀라서 자세한 건 모르지만 여태까지 썼던 휴대용 음향기기 중엔 제일 좋아요 진짜 노래 트는 순간 신세계;; 낮게 베이스 들리자마자 소름이 돋았네요
근데 작다는 말 뭔지 알 거 같아요 뭔가 조금만 귀에서 내려오면 귀 아래 목이 좀 눌려서 답답하고 그거 피하려고 짧게 올리면 정수리가 아픔 미세컨트롤로 잘 조절하면 편한 지점이 있긴 해요"
2025-01-17,5,크기가 크고 성능이 좋아요
2024-12-17,5,"일단 배송 정확하고 빠르게 도착하고, 연말 세일로 가성비 좋은 제품 구매한 것 같습니다."
2025-01-14,5,가볍고 음질 좋아요! 추천 :)
2024-12-14,5,"받고 바로 사용해보는 중임
착용감 괜찮고 음향도 괜찮네요
가성비가 좋은 제품 이라고 생각되네요"
2024-12-19,5,"한달사용편하고 음질 좋고 통화품질도 좋아요
드디어 헤드폰 정착했어요"
2025-01-10,5,"좋네요 헤드폰 진작에 살껄 괜히 고민했네요!!!
많이 파세요~~~"
2024-12-29,5,음질이 너무좋아영!!
2024-12-04,5,가성비도 좋고 음질도 나쁘지 않은거 같아요 귀시려워서 샀는데 좋습니다
2025-01-03,5,"한달사용제것만 그런지 모르겠는데 고주파음이 나네요
노캔이 강제인 것과 키 커스텀이 안되는 건 여전히 불만"
2024-12-11,5,음질도 좋고 노캔도 잘되고 여러모로 확실히 만족했습니다
2025-01-12,5,한달사용해드폰 처음 산건데 입문용?? 으로 좋다고 생각합니다
2024-11-27,4,"일단 착용했을때 깔끔하게 빠지는게 좋았고
정말 가볍습니다! 음악 듣기에도 음질은 충분하구요
통화 품질도 깔끔했습니다
다만 귀 밑부분(?)이 눌려서 불편한 점이 있었고
노캔 전환할때 영상이 멈추는게 아쉬웠어요"
2024-11-25,4,노이즈캔슬링모드만 되고 주변음 듣기가 안되는건 많이 아쉽네요... 그리고 헤드폰 케이스를 안줘서 좀 아쉽네요 그래도 가격대비 음질은 만족하고 배터리도 오래가요
2024-12-26,5,신랑사줬는데 잘쓰고 다녀요
2025-01-15,5,한달사용상당히 만족 합니다.
2024-12-18,5,회사 이벤트 선물용으로 구입하였는데 이쁘네요
2024-12-21,5,가볍고 좋긴한데 이어캡 부분이 찌그러져서 왔네요..
2024-12-25,5,아이가 매우 좋아합니다
2024-12-20,5,좋은 제품 싸게 잘 구입했습니다
2025-01-13,5,이가격에 이만한 성능 드뭄
2024-12-24,5,전에 헤드셋이 좀 헐랭했었는데 이건 딱 잡아줘서 좋고 확실히 젠하이저는 음향기기 브랜드라서 그런지 사운드가 좋네요
2024-12-12,4,착용감이 좀 안좋아서 자리를 찾기까지 시간이 좀 걸렸어요. 나머진 다 굿!
2024-11-20,5,"아직 카페처럼 소음이 있는 곳은 안가 봤지만
노이즈 캔슬링 성능 좋은거 같습니다"
2024-12-02,5,좋은 가성비에 딱 필요한 기능만 들어가 있어서 마음에 드네요. 다만 젠하이저 공식 어플은 좀... 너무 안좋네요
2024-12-16,5,빠르게 왔습니다! 심플해서 예뻐요
2024-12-14,5,한달사용이동시 잘 사용중입니다 귀눌림 없이 아픈것도 없어 편해요.
2025-01-08,5,한달사용가성비 만족 합니다
2024-11-23,5,"일단 예쁘고, 음질도 좋아요~ 
노캔은 기대 안 해서 이정도도 전 괜찮네요, 너무 막으면 오히려 위험하다고 생각해서요!
한 겨울 덕분에 귀시렵지 않을 거 같습니다 ㅎㅎ"
2024-12-16,5,배송빠르고 너무 예쁩니다
2024-12-27,5,너무좋아요 아주대 만족이예요
2024-12-05,5,첫 헤드셋인데 마음에 들어요 입문용으로는 좋은 것 같아요
2024-11-12,5,"네이버강세일로 저렴한 가격에 구매했습니다
엑센텀 기본으로 구매했어요
기존에는 저렴한 브*츠 헤드셋 사용했는데
젠하이저 엑센텀으로 바꾸니 
더욱 만족스러운 음질입니다
헤드셋 외관도 유연성있으면서 
튼튼해서 오래사용할 수 있을듯합니다
2년동안 a/s도 가능하다고 하니 믿음이 갑니다
보관 케이스가 있으면 더욱 좋았을것같아요"
2024-12-16,5,한달사용짱좋음 편하고 가볍고
2024-12-08,5,처음 사는 헤드셋이라 살말 엄청 고민했는데 너무 예쁘고 편해요
2024-11-03,5,"두 번째 젠하이저인데요, 비교 대상이 있어서 그런지 더 만족감이 높네요! 첫 번째는 쿠팡에서 구매했는데(HD 450 BT) 제가 물건을 좀 험하게 다루는 편이라 좀 쓰다가 오른쪽이 안 들리기 시작했어요 ㅠㅠ 버티다 영 불편해서 다시 알아봤어요🫠 10만 원짜리 고치느니 새로 사지 싶어서 조금 살펴보다가 엑센텀 구매했는데 아주 만족스럽습니다. 가격 차이는 크지 않지만 체감 품질 차이는 꽤 커요. 노이즈 캔슬링부터 음질, 디자인까지 전부! 이번에는 고장 안 났으면 좋겠습니다🥺"
2024-11-18,5,생각했던거보다 훨씬 예쁩니다. 어플리케이션으로 미세하게 조정도 가능해 원하는 음질로 들을수도있어요
2024-12-05,5,한달사용노캔 입문으로 샀습니다 비교군이 없어요. 근데 첨엔 차다니는소리 버스소음 다들리길래  노이즈 캔슬링 별로라 생각했는데 가격 대비 아주아주 좋습니다. 버스에서 귀간지러워서 헤드셋 잠깐 벗었는데 그냥 들리던 버스소음이 무슨 폭풍치듯 들리더라구요...
2025-01-09,5,한달사용잘 쓰고 있습니다!
2024-12-10,5,"이 가격에 디자인, 음질, 노캔 모두 만족합니다."
2024-12-13,5,음색도 너무 좋고 착용감도 너무 편해요
2024-12-30,5,"한달사용젠하이저 좋아서 벌써 3개째입니다
가족하나씩 나눠쓰고있는중"
2025-01-05,5,한달사용조카에게 선물해더니 앚ㄷㆍ 잘 사용중
2024-12-29,5,한달사용배송 빠르고 제품도 좋아요
2024-11-21,5,"오랜 고민 끝에 젠하이저 헤드셋 샀습니다요
헤드셋하면 명문 젠하이저 겨울철 패션 효율도 올리고 음악 감수성도 올리고 좋았어 렛츠고 👍👍"
2024-12-17,4,너무좋슴다 첫 헤드폰인데 만족해요 가성비있는거같고 젠하이저라 믿을수있어요
2024-12-13,5,"한달사용만족할만한 음질은 아닙니다
저렴해서 사긴했는데 다음에 좋은 음질로 구매하려구요. 브랜드는 제일 선호하는 브랜드입니딘"
2024-11-26,5,배송빠릅니다~~!보내주셔서 감사합니다.잘쓸께요!!
2024-11-21,5,"한달사용배터리는 완충 상태에서 스펙 그대로 50시간은 가는 것 같습니다.
저는 20% 남은 상태에서 충전을 하는데, 80%를 사용하기까지도 시간이 엄청 걸리거든요.
노이즈 캔슬링도 그런데로 쓸 만 합니다."
2024-12-19,5,선물 받은 사람이 되게 좋아해요 ㅎㅎ 감사합니다.
2024-11-28,5,너무 예쁘고 깔끔해요 음질도 만족합니다
2024-11-02,5,"한달사용블투 이이폰 쓰다가 한쪽이 영영 안들려서
겨울도되고 한번도 안써본 헤드셋으로
구매했는데 너무 만족스러워요
이세상  모든 순간이 음악과함께 선명해지는
순간들이 많아졌네요 부가적으로는
귀도따습고요
청음해보고 별로면 블투로 다시 구매할까해서
낮은 버전 구매했는데 저는 충분합니다"
2024-12-16,5,조카 선물로 샀는데 매우 만족 하네요. 감사합니다.
2024-12-19,5,좋네요 근데 컴터는 싱크 맞추려면 확실히 블루투스 필요할 듯
2024-11-16,5,너무 귀엽고 부드러운 재질에 음질도 좋고 만세만세여요
2024-11-11,5,한달사용정말 좋아요 노이즈캔슬링도 준수하고 온오프가 쉬워서 사용하기 편해요 그리고 컴퓨터와 핸드폰 동시에 연결 가능해서 쓰기좋네요
2024-12-25,5,한달사용무난하게 앱 연동해서 잘 쓰고있습니다.
2024-12-02,5,잘받았습니다 좋아요
2024-10-26,5,"한달사용깔끔한 소리 선호하는 데 딱 좋네요.
노이즈 캔슬링 실내 공간에서는 엄청 잘 돼요. 
사람 소리 거의 안 들려서 좋아요.
밖에 쓰고 다닐 때, 자동차 소리나 갑작스러운 소음은 들리는 편인데, 이 부분은 크게 거슬리지 않아요.
다만, 아쉬운 점은 바람소리가 너무 잘 들리네요.
이 부분 때문에 실내에서 많이 쓰게 될 것 같아요."
2024-12-20,4,아이폰 7에서는 블루투스 연결이 바로 안되어 젠하이저 어플 설치후 연결됨
2024-10-11,4,"소니 wh 1000xm5 쓰다가 오른쪽이 자꾸 안들려서 as 두번째 맡기고 생각보다 수리 기간이 길어져서 기다리는 동안 젠하이저 엑센텀 구매했습니다
비교를 하자면 음질은 별 차이를 모르겠습니다만 노캔은 소니가 압승입니다 진짜 노캔을 안써도 차음성이 좋아서 전 노캔을 안썼구요 오히려 노캔을 쓰면 머리가 어지러울정도였어요. 세상에 혼자있는 느낌.
엑센텀은 그정도는 아니네요. 앱의 컨트롤도 소니가좀 더 디테일하구요 하지만 음질은 정말 엑센텀 좋아요 소니랑 차이를 모르겠습니다 노캔의 성능만을 따진다면 소니 음질은 젠하이저로 오셔도 무방하겠습니다. 디자인 화이트 고급스럽고 예쁩니다"
2024-11-23,5,해드폰이 너무 편하고 좋습니다
2024-10-28,4,"한달사용노캔은 조금 애매하네요. 일단 가볍긴한데 머리형에 좀 영향을 받는지 착용감이 저랑은 잘 맞지 않았습니다. 음질은 가격대 생각하면 무난한 느낌으로 전체적으로도 딱히 크게 단점까진 없지만 그렇다고 장점도 없는 무난한 맛이란 느낌이네요. 
크게 평이 달라지진 않았네요. 모멘텀4가 그렇게 좋다던데 기회되면 한번 들어보고 싶습니다."
2024-11-06,5,"아주 만족합니다. 
전용 앱 설치해서 설정해보는것도 재밌고요.
입문용 헤드폰으로 추천합니다."
2024-11-21,4,한달사용음질은 아주 만족하지만 충전하고 나서 온오프가 구분이 잘안되어 1점 깎습니다
2024-11-24,4,한달사용운동하면서 듣고 출퇴근시 듣는데 편하고 음질도 좋아요
2024-11-30,5,고딩 아들 선물로 사줬는데 좋다고 하네요~^^
2024-11-23,5,"사용법도 편하구 음질도 좋아요
사기를 넘 잘했어요!"
2024-12-18,5,소리 완전 좋고 가벼워요
2024-11-14,5,배송 빠르고 제품 이뻐요. 피씨 연결 쉽게 잘 됐어요. 착용감 편안해요.
2024-11-28,5,이쁘고 음질도 조아요~
2024-12-06,5,"가성비 있는 헤드폰이라고 생각합니다.
구매 잘한 것 같아요"
2024-12-14,5,첫 무선 헤드셋인데 많이 기대가 됩니다.
2024-10-30,5,"배송은 주문 다음날 도착했어요

디자인 예쁘고 머리 닿는부분 쿠션처리도 잘 되어있어요

다만 다른분들이 말씀하신대로 바람소리가 잘들리긴 해요 

하지만 비슷한 가격대 모델중에는 제일 괜찮은 선택인거 같습니다"
2024-11-21,5,굳입니다 빠른배송 감사합니다
2024-12-14,5,가성비 훌륭합니다.
2024-11-16,5,엑센텀 하루 써보고 원래 사용하던 30만원대 헤드폰은 바로 🥕해버렸어요
2024-11-06,5,한달사용음질좋고 색상고급스럽고 오래 착용해도 귀 별로 안아픈데 제가 두상이 작은건지 고개 숙일 때 흘러내릴려고 하는 것 빼고는 가성비로 쓰기 좋아요
2024-10-26,5,블랙 버젼을 구입한 후 화이트도 추가구매했는데 가격대비로 참 괜찮습니다. 무엇보다 무게가 가벼워서 오래 착용해도 부담이없고 음질도 젠하이저답게 좋습니다!
2024-11-19,5,한달사용음질도 좋고 디자인도 마음에 듭니다
2024-11-14,4,이어패드 눌려서 온거 빼고는 배송 빠르고 좋습니다.
2024-12-04,5,가격대비 상당히 괜찮은 듯 잘쓰고잇음
2024-11-17,5,빠른 배송 좋아요 ㅎㅎ
2024-10-16,5,"만족한 점.. 우수한 퀄리티, 가벼운 무게, 깔끔하게 잘 빠진 디자인, 뛰어난 음질, 누를 때 거슬리지 않는 버튼 스위치, 충전과 배터리 성능, 멀티 페어링 기능

아쉬운 점.. 약간 묵직한 음향(개인취향), 야외 바람노캔 성능

가성비 아주 좋습니다. 추천합니다"
2024-11-23,5,"가격 대비 괜찮은 헤드폰
다만 화이트 노이즈가 살짝 있는 편이고
노이즈 캔슬링을 끌 수 없다는 점이 단점"
2024-12-06,5,걷기용 으로 좋네요
2024-11-28,5,아버지 생신선물로 사다드렸는데 좋아하시네요 ㅎㅎ
2024-11-28,5,3번째구매해요~~ 편하게 사용할수있ㅇㅓ 좋아요^^
2024-10-31,5,"만족합니다. 노캔적당하고, 음질 매우좋아요"
2024-10-31,5,"한달사용모멘텀이랑 비교하니 음질 차이가 나지만, 가볍고 물리버튼 측면에서 편하게 사용할 수 있습니다."
2024-12-02,5,아주 만족스럽습니다.
2024-10-26,5,아주 이쁘네요. 상위 기종보다 사이즈는 조금 작지만 크게 문제 되지 않고 사운드는 준수합니다.
2024-11-28,5,2008년 09년에 유럽에서 젠하이저 처음으로 경험해봤는데 역시는 역시
2024-10-15,5,"막귀라 잘 모르긴 하지만 투명도 모드가 진짜 신기할정도로 헤드셋을 안쓴것처럼 소리가 나요!
노캔은 그냥 저냥 괜찮은것 같습니당 막귀긴 하지만 음질도 좋아요!"
2024-11-26,5,네쇼페때 싸게 사서 아주 만족합니다!
2024-11-12,4,한달사용가볍고 좋은데 노이즈캔슬링 해놔도 바람소리가 자꾸 들어와요. 가격대비는 만족합니자.
2024-11-01,4,가볍고 소리좋고 헬스장에서 사용하기 좋습니다
2024-09-22,5,"색깔 고민 많이했는데 심플하고 이쁘네요
다만 블루투스 해제가 제대로 잘안돼서 아쉽네요
해제해도 지혼자 계속 연결합니다
몇번 계속 꺼줘야되는게 불편한거 말고는 다 좋아요 만족스럽습니다"
2024-10-30,5,한달사용오래 착용해도 편안하고 가벼워 좋습니다
2024-11-02,5,한달사용엄청나게 잘 들리고 소리가 섬세해요
2024-11-22,5,한달사용조카놈 선물로 사줬더만 좋다고 하네요
2024-11-06,3,"제가 귀가 예민한 스타일인데 
저는 젠하이저브랜드를 좋아하긴하는데
음질 중요하신분들은 상위 제품으로 구매하시길
그냥 막 쓰긴 괜찮아요"
2024-10-22,5,"유선으로 모멘텀, 모멘텀2, 그리고, 어반나이트를 가지고 있는데, 결국, 유선 만으로는 커버 할 수 없는 지경에 이르러 구입하게 됐습니다."
2024-11-23,5,어린이에거 선물한 예쁜 헤드셋
2024-10-30,5,생각보다 가볍고 너무 좋아요
2024-11-07,5,한달사용가격대비 음질 좋고 다 좋아요~ 다만 케이스를 따로 구입했네요~
2024-10-17,5,한달사용너무 잘 쓰고 있어용 첨에 배터리가 너무 빨리 닳길래 뭐지 싶었는데 한번 끄고 완충시키니까 좀 오래 가더라구요
2024-11-15,5,케이스가없는게아쉽지만 좋아요
2024-11-17,5,빠른 배송 준수한 가격
2024-11-12,5,배송 빠르고 헤드폰 처음 사는데 엄청 만족합니다~~
2024-10-02,5,"모멘텀 2세대가 한쪽만 고장남
케이스도 이음부분이 부서져서 분리됨
겨울도 다가오고
귀마개겸 
인생첫 헤드폰을 사봤는데
만족도가 큽니다"
2024-11-28,5,좋아요~~~~~~~
2024-10-06,4,"노이즈 캔슬링 기능은 아쉽습니다만..
전체적인 음질은 가격대에 맞다고 생각됩니다
가벼워서 오래 쓰고 있어도 부담이 안 느껴지고
디자인도 요다 현상 없이 다 잘 어울릴 디자인입니다"
2024-09-24,5,인강용으로 구매했는데 태블릿과 핸드폰 둘 다 연결 잘 되고 갤럭시 버즈만큼 음질도 좋습니다 착용감은 이어캡이 두툼한 편이며 헤드 부분이 푹신해 좋습니다 장시간 사용 가능하다는 점이  제일 맘에 듭니다
2024-08-27,4,"처음에 pc <-> bt-w5랑 사용시 음량 감소를 눌러도 올라갔다 내려갔다 했고 음량 증가 버튼도 마찬가지라 기기문제인줄 알았는데 핸드폰에선 정상적으로 동작하네요. 다행히 그후에 bt-w5랑 다시 재연결해보니 지금은 볼륨이 10단위로 증감되는거 말곤 정상 동작하는것 같습니다.

이미 외출용으로 마크레빈슨 5909랑 마샬메이저가 있긴한데 하나는 노캔이 안되고 하나는 너무 무거워서 산거라 대체적으로 기대했던 성능으로 보입니다. 음질은 5909보다 떨어지고 가벼움은 마샬메이저보다 떨어지지만 노캔은 마샬이 아예없고 5909보다 100g가까이 가벼워서 딱 중간 포지션으로 생각돼서 만족합니다.

그리고 배송메시지에 발송하루만 늦춰달라썼는데 택배사나 배송업체나 다 못보신듯 합니다. 그냥 바로 발송되고 다음날 배송됐네요. 

잘 쓰겠습니다."
2024-11-11,5,잘되네요 소리도 잘들리고 ㅋ
2024-11-08,5,한달사용소리좋습니다 만족합니다
2024-08-17,3,"젠하이저 저가제품 이지만 세일해서 기대하고 구매했는데, 제 귀에는 음질이 맞지 않네요~
하긴 가격에 비해 많은걸 바란건 제 실수죠~
유투버들이 하도 칭찬해서 구매했는데 약간 속은 느낌입니다.
제가 윗급의 헤드폰에 귀가 익숙해져 있어서 그런가봐요.
포칼 베티스와 보스 QC울트라 제품 두개를 갖고 있는데, 겨울에 전투용 귀마개로 써야할것 같습니다.
일반 전자제품도 그렇겠지만, 역시 음향장비는 가격과 비례한다는걸 새삼 느끼네요.
개인적으로 소리 별로입니다.
동글 이용해서 aptx-hd로 들어도 별 감흥이 없네요~
돈 더 투자해서 중복투자 없이 윗급으로 가시는게 좋을듯 합니다.
어디까지나 제 개인 생각입니다.
참고만 하세요. 가격이 싸잖아요~ ㅎㅎ"
2024-10-19,5,"보기도 이쁘고
음질이 끝내주네요"
2024-10-05,5,잘 들리고 사용하기 좋아요 이어폰 커버가 실리콘 재질이라 편합니다
2024-10-18,5,빠른 배송 감사합니다
2024-10-18,5,배송 빠르고 음질도 괜찮아요
2024-09-30,5,진짜 예쁘고 음질도 좋고 최고네요.. 쿠폰받아서 더 싸게산것같아 기분이 좋습니다 ㅎㅎㅎ
2024-11-04,5,배송 빠르고 제품도 좋아요
2024-09-28,5,"한달사용음.. 전에 쓰던 10만원 이하짜리가 많이 좋았던건가 차음되는 거 말고 딱히 차이 못 느끼겠네염. 케이스 없고, 베이스부스터 같은 게 버튼으로 달렸으면 좋았을 듯ㆍ"
2024-07-31,5,"제품을 들어보는 순간 가볍다라는 생각이 들었습니다,사실 저는 모멘텀4도 갖고있어요,이 제품을 산 이유는 젠하이저 제품을 믿어서 입니다, 용도는 출퇴근과 일상 밖에서 막쓰기 좋은걸 사려고 10만원 이하 제품을 찾고있었는데 중요한건 노캔과 무게 음질 차음성 휴대성 착용감 이런겁니다,쓰기 불편하면 안쓰게 되거든요,그러면 싸게 더라도 돈낭비...몇일간 둘러본 결과 역시 젠하이저로 왔어요 ㅋㅋㅋ 예산은 10만 넘었지만 후회안할거란 생각에 질렀습니다,사고나서도 만족했고요
       실사용은 여름에 나가면 아무래도 땀이 찹니다, 시원한 실내나 지하철 선선한 계절에 써야겠네요, 음질은 모멘텀4보다는 조금 떨어집니다,하지만 요것도 무선중 깡패라 봅니다, 동글사용해서 aptx hd 들으면 진짜 유선레 버금가는 음질이 나옵니다,이걸로 컴퓨터나 휴대폰에 쓰면 됩니다, 무선이 자유롭죠,무게는 가벼워서 괜찮습니다,더 가벼운 70g이나 180g짜리도 생각해봤지만 그건 음질도 그렇고 차음성이 떨어져서 ...
      장점 : 음질 ,차음성,착용감,무게 ,오래가는 배터리,디자인,적당한 가격
      단점:바람 소리는 못막는다, 다소 비싸다고 여길수도 있음,

PS: 동글이 있으면 더 좋긴함"
2024-11-03,5,빠른배송 정확한 제품
2024-09-21,5,한달사용요즘 날씨가 좋아서 매일 뛰러 나가는데...아뮤래도 뛸때는 음악이 필요하잖아요. 디자인도 예쁘고 운동하면서 사용하고 있는데 너무 만족하고 있어요.
2024-10-05,5,한달사용좋아요 소리도 좋고 입문하기 좋을듯
2024-10-29,5,설명서랑 앱이 별로인거 빼면 맘에듬
2024-10-21,5,한달사용노캔도 잘 되고 음질도 좋습니다 가성비 굿
2024-09-24,2,한달사용저렴하긴하지만 제가 원하던 음향스타일은 아니네요.당근방출 예정이네요ㅎㅎ
2024-09-25,5,음질 좋고 디자인 예쁘고 가볍습니다 귀도 다른 헤드폰에 비해 덜 아파요
2024-10-20,5,조카 선물로 구매 했는데 맘에 들서 하네요
2024-08-23,5,"외이도염이 있고 출퇴근 시간이 길어 고통받던 중에 젠하이저 세일이 있어서 구매하였습니다. 
음질은 이전에도 젠하이저 줄이어폰 썼었기때메 고민할게 없었어요(저음최강!!!). 
노이즈캔슬링도 적당하게 잘됩니다(우주에 혼자 떠있는 느낌의 완벽 노캔은 아니지만 그러면 출퇴근길에 차에 받혀 죽기 딱 좋습니다). 
애플의 나 힙해!!하는 느낌도 좀 부담스럽고, 남들 잘 안쓰는? 젠하이저가 딱이네요. 막귀에는 모멘텀까지 가지 않아도 좋아요~"
2024-08-27,5,"시간 날때마다 집 앞 공웤에서 런닝 할때 음악 듣기 위해서 구입했어요. 사이즈 조절 가능해서 제 머리 사이즈에 맞게 조절해사 아무리 빨리 뛰어도 잘 고정되어 있어서 편해요. 음질이 좋은거는 말 할 필요도 없고... 노이즈 캔슬링
되니까 음악만 듣고 달리기에
집중할 수 있어서 좋아요."
2024-09-11,5,음질 좋고 가볍습니다! 노캔도 적당해요~ 케이스만 따로 사서 쓰면 좋습니다~
2024-07-02,4,"가격대비 성능, 음질, 연결성 모두 만족합니다. 젠하이저 헤드폰은 처음 구매해 보는데, 저렴한 가격에 가성비 좋은 제품 잘 구매한 것 같습니다. 단 노캔은 절대 기대하고 사시면 안될 것 같네요. 아주 가볍고 편하긴 한데 좌우 압박감은 큰 편입니다. 보스 qc와 비교할 시 헤드밴드에서 오는 정수리 압박은 엑센텀이 훨씬 적고, 이어컵에서 오는 좌우 압박은 qc가 훨씬 적네요. 전반적인 소재도 플라스틱이긴 하지만 아주 싼티나진 않아서 괜찮네요. 근데 제품 마감 상태가 좀 아쉽네요. 포장 방식때문에 이어컵 한쪽이 완전히 눌려 있었는데 시간이 많이 지나도 사진보다 더 펴지지 않습니다. 그리고 날카로운걸로 불규칙하게 긁어놓은 듯한 상처가 있는데 누가봐도 마감불량입니다. 교환 고민하다가 귀찮기도 하고 소재 특성상 다른 제품도 완벽할거란 보장이 없어서 그냥 씁니다."
2024-09-13,4,막귀라 음질판단이 정확하진 않지만.. 그래도 조은거 같습니다. 에어팟 이상은 되는거 같아요..
2024-05-17,5,"- 디자인은 예상했던 대로고 제품을 직접 받아보니 마감이나 퀄리티가 굉장히 좋다고 느꼈어요! 저는 화이트 색상의 가죽으로 돼 있는 부분이 고급스러운 느낌이 없어서 블랙으로 갔는데, 이정도면 화이트로 샀어도 될 것 같아요. 특히 헤어밴드 부분이 진짜 편안하게 폭신합니다! 그리고 개인적인 생각이지만 헤드폰을 쓰고 있을 때보다 목에 걸어놨을 때가 되게 예쁜 디자인이라고 생각해요

- 소리는 사실 처음 들었을 땐 제가 추구하는 음향이 아니라서 당황했습니다,, ㅋㅋㅋ 그래서 젠하이저 전용 어플을 깔고 저에게 맞는 이퀄라이저로 세팅하니까 좋다고 느꼈어요~ 다양한 세팅으로 소리를 들어보면서 몇 가지 문항을 고르면 나에게 맞는 이퀄라이저를 세팅해주는데, 이 기능에서 본인에게 잘 맞는 소리를 못 찾겠다는 평이 있더라구요. 저도 그렇긴 했는데 시간을 좀 많이 투자해서 천천히 들어보면서 고르니까 지금은 저에게 잘 맞는 음질이 되었습니다 ㅎㅅㅎ 베이스 소리가 무거운 걸로 유명한 만큼 어떤 세팅이든 베이스는 정말 빵빵하다고 느꼈어요!

- 가는 장소마다 사운드를 자동으로 바꿔주는 사운드 존 기능은 정말 똑똑한 생각인 것 같아요.. ㅋㅋ 노이즈 캔슬과 투명도 기능이 있는데 두 기능 간 음질 차이가 크게 없고, 노이즈 캔슬도 뛰어난 수준입니다! 다만 바람 소리나 차 소리는 잘 막지 못한다고 느꼈는데, 바람 잡음 감소라는 기능이 있긴 하지만 이 부분은 크게 체감할 순 없었어요 ㅜ 아쉽긴 하지만 몰입감에 크게 방해되는 수준은 아니었습니다(A사 매장에서 헤드폰을 경험해 봤었는데 그 헤드폰과 비교를 하자면 음질은 더 좋고 노이즈 캔슬은 조금 딸린다고 느꼈어요!)

- 아직 장시간 착용해본 적은 없지만 착용감 자체는 충분히 편해요! 길이조절도 자유롭게 되고 귀를 덮는 느낌도 불편한 부분 일절 없습니다

- 단점으로는 귀에 땀이 쉽게 찬다는 점이랑 마이크 음질이 다소 아쉽다는 점이 있었는데,, 헤드폰의 숙명이다 보니 저는 감안합니다 참고는 하시는 게 좋을 것 같아요! 젠하이저가 그래도 마이크로도 네임드인 만큼 마이크 음질이 엄청 안좋은 편은 또 아니었습니다

젠하이저에서 가성비 라인으로 헤드폰을 내줘서 이렇게 브랜드를 접할 수 있게 된 것이 저에겐 너무 감사한 일이에요ㅋㅋㅋ 만족하면서 잘 쓸 수 있을 것 같습니다 ㅎㅎ 이벤트도 한다니 젠하이저 체고~ 젠하이저의 음질을 가격적으로 메리트를 챙겨가면서 느껴보고 싶다면 강추드릴게요 ;)"
2024-09-26,5,"가격대비 너무 좋아요~~
겨울에는 귀마개용으로도 활용가능하니 좋네요~^*"
2024-10-05,5,"한달사용소리에 늘 만족합니다
 이어폰과는 확실히 달라요"
2024-09-04,5,"한달사용이 가격에 가볍고 좋습니다,무게만 빼면 모멘텀4가 더 좋긴 합니다,이건 가벼운게 포인트"
2024-08-20,5,빠르게 배송왔고 너무 이뻐요ㅋㅋ ㅠㅠ 생화이트보다 이 색이 훨ㄹㄹ 더 이쁜듯 진심 만족스러워요 가죽이 영영 삭지않았으면좋겠어요...... 영원히 끼고싶어요... 음향도 좋음 사실 막귀라 크게 따지진않지만... 거슬리는게 전혀 없어요! 굿굿
2024-09-27,5,한달사용아이가 너무 좋아해요 애착 해드셋이 된듯 하네요
2024-07-29,5,"헤드폰을 유선말고 처음사봐서 잘 알아보고 사려
여러가지를 봤지만 제일 끌리는건 젠하이저꺼 더라고요 모맨텀을 사려했는데 너무 비싸서 모맨텀의 보급형인 엑센텀을 샀죠 보급형이여도 가격이 ㅎㄷㄷ해서 하하 디자인 성능 등등 만족시키는건 이거더라고요 네이버에서 행사까지 하니까 뭐 사야죠 받았을땨도 맘에 들었습니다 거의 다 맞을 거에요 사이즈는 잘 쓰겠습니다"
2024-08-23,5,아들이 외부소음도 차단되고 공부에 집중할수 있어 넘 만족하네요
2024-08-29,5,사운드 좋습니다 저렴하고 좋네요 ^~^
2024-08-24,5,"액센텀 좋다는얘기는 알고 있었는데
클리어한 소리 좋아하면 아주 좋습니다"
2024-09-12,5,한달사용금액대비 이만한 제품 없습니다 당장 사세요.
2024-09-03,5,한달사용역시 명불허전 젠하이저입니다. 너무 좋습니다.
2024-06-30,5,"좋은 헤드셋 찾아보다가 골라서 구매했습니다.
예쁨+좋은 음질+좋은 가격인 헤드셋으로 사고싶어서 많이 찾아보다가 결정한 제품이고 마음에 듭니다.
착용감도 편하고 음질 좋아요! 때마침 이벤트 중이셔서 가격도 더 저렴해서 좋았습니다."
2024-09-02,5,배송 빨랐고 이 가격에 이 퀄리티면 만족합니다!!
2024-09-10,5,귿귿귿 배송 귿 사운드 귿
2024-07-31,5,헤드셋 입문용으로 이제품 저제품 찾다가 발견한 젠하이저~~~ 음질도 너무 좋고 완전 새하얀색이 아니라 더 좋네요ㅎ
2024-08-26,5,소리좋습니다 젠하이져
2024-08-17,5,가격대비 디자인이나 음질이 좋은 것 같아요
2024-08-25,5,배터리 정말 오래감
2024-07-23,5,일단 가볍다 소리야 검증 됬다 이가격에 이정도 성능이면 헤드폰 다 잡아 먹을듯
2024-08-02,5,젠하이져는 사랑입니다.
2024-08-19,5,깔끔하게 잘 배송 됐어요.
2024-08-02,5,"전에도 쓰던 브랜드라 익숙합니다.
극적이거나 과장된 소리를 들려주지 않고 
저한테 맞는 편하게 들을 수 있다는게 장점입니다"
2024-08-02,5,"역시 명불허전 젠하이저네요.
다른 헤드폰이랑 차원이 다릅니다.
만족합니다!!"
2024-07-25,5,배송 빠르고 만족해요.
2024-07-18,4,무난하게 사용할만하네요
2024-06-18,5,사운드도 너무 좋고 가볍고 디자인도 깔끔합니다!! 배송도 너무나 빠릅니다😊😊
2024-05-23,5,입문용으로 정말 좋은 제품인듯합니다. 군더더기 없는 디자인에 hd25은 압박감이 상당했는데 착용감도 만족스럽습니다. 블루투스도 꽤 넓은 영역을 커버하는듯합니다. 방에서 베란다 사이의 굴곡진 거리에도 끊김이 없이 잘 들렸습니다. 노캔도 적절하고 투명도도 좋습니다.
2024-07-02,5,"아들 선물로 구매했어요....
좋아하네요"
2024-06-26,5,아직 더워서 많이 착용은 안하지만 가성비도 보았을떄 음질 굿~ 제품 마감도 마음에 들어요~
2024-05-31,5,선물하기 좋아요 금~토요일에 주문해서 수요일에 도착해서 빠르게 받았습니다
2024-05-15,5,"헤드폰이 가볍고 버튼이 있어서 터치보다 오류도 적고 사용하기 편합니다.
음질도 적당히 eq로 세팅해서 사용하면 듣기에 좋아요"
2024-03-18,5,"열심히 청음해보고 구매했는데 정말 만족합니다 이정도 가격에 이정도 퀄리티라니... 역시 젠하이저답네요 헤드폰이 안접히고 케이스를 따로 구매해야하지만 그럼에도 너무 만족합니다. 
우선 저는 노이즈 캔슬링이 심하지 않을것, 캔슬링 모드와 일반모드의 음질 변화가 크지 않을것, 가벼울것, 플랫한 소리가 날것, 오래 들어도 크게 답답하지 않을것을 기준으로 구매했고 들어본 헤드폰 중에 엑센텀이 가장 적합했습니다. 헤드폰이야 무조건 청음을 추천드리지만 구매하실때 참고하시면 좋을것 같습니다!"
2024-04-27,5,한달사용여전히 만족하면서 잘 쓰고 있습니다ㅎㅎ 가끔 잠깐 끊기는 현상이 있는데 블루투스 연결 특성상 그런거라고 이해하고 쓰고 있습니다!
2024-04-08,5,한달사용가성비 짱! 입문용으로 최곱니다
2024-04-03,5,노이즈칸슬링 헤드셋은 처음 써보는데 가성비 있게 잘 구매한 것 같습니다. 만족합니다.
2024-03-29,5,한달사용잘 쓰고 있어요. 스펀지가 좀 더 크면 좋겠습니다. 오래 쓸때 좀 거슬림
2024-04-21,5,한달사용매우 만족스럽게 사용중입니다
2024-04-03,5,한달사용상품이 너무 좋네요~~~^^
2024-03-13,5,"1,2만원 짜리 이어폰 쓰다가 이거 쓰니 좋네요
가볍고 귀에도 딱 맞습니다"
2024-03-18,5,한달사용너무 만족합니다. 컴퓨터용으로 사용중인데 노이즈캔슬링부터 퀄이 생각보다 너무 좋습니다.
2024-04-02,5,한달사용노캔이 아쉽지만 음질은 좋네요
2024-04-05,5,첫 헤드폰 두근두근합니다
2024-03-03,4,한달사용전용 앱이 업데이트로 인해 투명도 조절은 불가능해졌지만 제품의 성능은 여전히 좋습니다
2024-02-19,4,"한달사용가성비가(좋은?) 제품입니다.
고가 무선 헤드폰보다는 못하겠지만 충분한 소리가 나오는 제품 같습니다.
옥의티로  온오프 부분이나, 오디오 트랜스미터 사용시 연결이 좀 텀이 있는듯 합니다."
2024-03-23,5,좋아요 ㅋ 생일선물로 줬는데 만족스럽네요
2024-03-23,5,좋아요~~~~~~~
2024-03-21,5,한달사용좋아요. 집중해서 듣기.조금 작은게 아쉬어요.
2024-02-19,5,"역시 젠하이저!!
음질도 좋고 가성비 너무 좋네요 입문용으로 최고!"
2024-02-15,4,"기존 헤드폰 잘 썼어서 선택했는데, 노이즈캔슬링은 아쉬움... 성능 확인하려면 여러 장르 음악 더 들어봐야겠음. 확 와닿는 성능은 아직..."
2024-02-29,5,배송 빠르게 잘 받았습니다
2024-03-14,5,한달사용오래 쓰고 있어도 귀가 아프지 않아 좋아요..^^
2024-02-29,5,가성비 꽤 괜찮아요! 일단 가볍고 이뻐서 좋네요
2024-02-23,5,한달사용전원버튼 빠르게 두 번 누르니 노캔도 온오프가 가능해요!! 최고입니다^^
2024-02-06,4,음질도 너무 좋구 맘에 들어요~
2024-01-17,5,"기대하던대로의 음질이네요
게임할때도 괜찮지만
특히 음악을 들을때 그 강점이 뚜렷하게 느껴집니다"
2024-01-20,5,노캔을 끌 수 없다는 점만 빼면 갓성비 최고네요^^
2024-01-05,5,배송 빠르고 너무 좋습니다!! 포장도 종이로 잘 감싸서 보내주셨네요!! 잘 쓰겠습니다~
2024-02-04,5,굉장히 좋습니다 생각보다ㅠ머리 큰 사람도 잘 맞습니다
2024-01-18,4,좋은가격에 하이엔드 엔트리급을 구매한듯 합니다.
2024-01-24,5,노래가 잘들리고 귀가 편해서 좋아요 .....
2024-01-19,5,"한달사용진짜 만족합니다 최고 
에어팟보다 음질좋고 귀안아파요"
2024-01-15,4,배송관련하여 불만이지만 고객센터에서 나름 대응을 잘해 주었습니다.^^
2023-12-13,5,명불허전 젠하이저네요~
